adesbiens1                Antoine Desbiens
Ali-Chimim                Ali Chimim
anto9877                  Antoine Legault
arielasomfelean           Teodora Ariela Somfelean
b4bingo
bayes-diarra              Bayes Diarra
blackhad7                 Bayes Diarra
CCournoyerETS             Charle Cournoyer
cyntboissonneault         Cynthia Boissonneault
Dauthdaert
DylanCorfmat              Dylan Corfmat
DylanCout                 Dylan Couture
EliottBaltz               Eliott Baltz
FaroukBz                  Farouk Baaziz
Felix-Antoine12           Félix-Antoine Dupuis
gdecarufel                Gabriel De Carufel
gdecourval                Gabriel De Courval-Paré
GeoffroiB                 Geoffroi Boulanger
GoodieMob
JadeHDETS                 Jade Houde-Dumas
Javapool
KevinDoremy               Kevin Doremy-Laferrière
KevinDoremyL              Kevin Doremy-Laferrière
Lebeau-Alexandre          Alexandre Lebeau
louis-antoine-etsmtl      Louis-Antoine Caron
LudovicBouvierJohnston    Ludovic Bouvier-Johnston
MarwanEnnajih             Marwan Ennajih
maxijonson                Tristan Chin
MrMarcoux                 William Marcoux
najiboss77                Najib Boutighatne
nlabinebouchard           Nicolas Labine-Bouchard
OBrazeauETS               Olivier Brazeau
PeterDL96                 Pierre-Luc Doyon
RubenLaden                Ruben Tordjman
Simnol                    Simon-Olivier Duguay
sisimomo
SoufianeHam               Soufiane Ham
thierrymartel             Thierry Martel
VincentRochon             Vincent Thomassin-Rochon
yhammami                  Youssef Hammami
YoussefBenmous            Youssef Benmous