ChaseYUL99        
David-Paradis-Cote    "David Paradis-Côté"    
Geukers               "Philippe Geukers"
HPhilly               "Bai Thoa Philip Huynh"
Ikkaihatsu            Hadi Warda*
JPLalonde-ets         "Jean-Philippe Lalonde"  
JethroRoy             "Jethro Roy" 
Johnytech6            Jean Lamarre*
JonathanBenoit        "Jonathan Benoit"
Julien-Menard         "Julien Ménard"
LeMilenov             "Daniel Milenov Milanov"
Marc-OlivierFillion   "Marc-Olivier Fillion"    
PcoteStudio           "David Paradis-Côté"
Ramatou-ets           "Ramatou Sourabie"
TriNguyen910          "Tri Nguyen"
VinConstantin         "Vincent Constantin"
aalvarez-madueno      "Alberto Alvarez-Madueno"    
ally138        
babatremblay          "Baptiste Tremblay"      
dickens910            "Ali Dickens Augustin"
faraon999             Vincent Simard*
gab9281             Gabriel Moisan Matte
idoumbia              "Issa Doumbia"       
kennocha        
myriamlacroix         "Myriam Lacroix"
obrassard             "Olivier Brassard"
wernerburat           "Werner Burat"
williamleb            "William Lebel"
